datetime_min,datetime_max,state,campaign_id,num_opportunities,num_won,revenue_measured,revenue_expected,payout,profit,cm_expected,cm_measured,winrate
2026-01-01 00:00:00,2026-01-01 01:00:00,NY,1,185,62,256.51,235.67,158.73,97.78,0.3265,0.3812,0.3351
2026-01-01 01:00:00,2026-01-01 02:00:00,IL,66,109,9,456.62,472.38,240.79,215.83,0.4903,0.4727,0.0826
2026-01-01 02:00:00,2026-01-01 03:00:00,FL,989,77,26,782.41,773.61,641.92,140.49,0.1702,0.1796,0.3377
2026-01-01 03:00:00,2026-01-01 04:00:00,IL,66,150,14,726.42,779.9,304.52,421.89,0.6095,0.5808,0.0933
2026-01-01 04:00:00,2026-01-01 05:00:00,IL,1,90,17,238.51,223.11,202.94,35.57,0.0904,0.1491,0.1889
2026-01-01 05:00:00,2026-01-01 06:00:00,TX,465,194,63,834.25,866.39,526.19,308.06,0.3927,0.3693,0.3247
2026-01-01 06:00:00,2026-01-01 07:00:00,FL,465,190,19,302.0,322.42,217.01,84.98,0.3269,0.2814,0.1
2026-01-01 07:00:00,2026-01-01 08:00:00,FL,66,95,12,301.44,328.24,219.95,81.49,0.3299,0.2703,0.1263
2026-01-01 08:00:00,2026-01-01 09:00:00,FL,52,84,25,583.28,604.65,494.36,88.92,0.1824,0.1524,0.2976
2026-01-01 09:00:00,2026-01-01 10:00:00,IL,66,183,55,633.65,633.29,455.17,178.48,0.2813,0.2817,0.3005
2026-01-01 10:00:00,2026-01-01 11:00:00,NY,6,131,35,622.08,636.74,439.79,182.29,0.3093,0.293,0.2672
2026-01-01 11:00:00,2026-01-01 12:00:00,FL,6,164,48,182.34,195.79,79.01,103.33,0.5964,0.5667,0.2927
2026-01-01 12:00:00,2026-01-01 13:00:00,IL,465,96,23,889.71,902.28,586.5,303.21,0.35,0.3408,0.2396
2026-01-01 13:00:00,2026-01-01 14:00:00,TX,52,59,8,339.04,307.2,161.07,177.97,0.4757,0.5249,0.1356
2026-01-01 14:00:00,2026-01-01 15:00:00,NY,1,105,17,216.56,235.23,166.48,50.09,0.2923,0.2313,0.1619
2026-01-01 15:00:00,2026-01-01 16:00:00,TX,6,79,8,899.87,933.98,590.42,309.46,0.3679,0.3439,0.1013
2026-01-01 16:00:00,2026-01-01 17:00:00,NY,465,158,58,960.09,993.98,710.57,249.51,0.2851,0.2599,0.3671
2026-01-01 17:00:00,2026-01-01 18:00:00,IL,989,54,13,875.91,826.11,368.62,507.3,0.5538,0.5792,0.2407
2026-01-01 18:00:00,2026-01-01 19:00:00,CA,465,168,31,828.56,854.89,366.55,462.01,0.5712,0.5576,0.1845
2026-01-01 19:00:00,2026-01-01 20:00:00,NY,6,82,17,689.72,675.08,522.92,166.8,0.2254,0.2418,0.2073
2026-01-01 20:00:00,2026-01-01 21:00:00,TX,6,167,63,595.77,613.79,259.78,335.99,0.5768,0.564,0.3772
2026-01-01 21:00:00,2026-01-01 22:00:00,IL,465,114,11,178.29,164.26,77.67,100.62,0.5272,0.5644,0.0965
2026-01-01 22:00:00,2026-01-01 23:00:00,NY,1,195,49,467.61,482.37,189.87,277.73,0.6064,0.5939,0.2513
2026-01-01 23:00:00,2026-01-02 00:00:00,CA,66,60,13,435.42,478.91,382.41,53.01,0.2015,0.1217,0.2167
2026-01-02 00:00:00,2026-01-02 01:00:00,CA,6,134,35,333.78,303.62,256.59,77.18,0.1549,0.2312,0.2612
2026-01-02 01:00:00,2026-01-02 02:00:00,FL,465,75,4,751.08,822.76,433.09,317.99,0.4736,0.4234,0.0533
2026-01-02 02:00:00,2026-01-02 03:00:00,FL,465,112,39,546.29,536.12,299.51,246.78,0.4413,0.4517,0.3482
2026-01-02 03:00:00,2026-01-02 04:00:00,TX,52,135,50,172.94,185.77,99.42,73.53,0.4648,0.4251,0.3704
2026-01-02 04:00:00,2026-01-02 05:00:00,NY,66,108,26,298.16,315.0,234.75,63.41,0.2548,0.2127,0.2407
2026-01-02 05:00:00,2026-01-02 06:00:00,NY,989,76,22,714.93,724.52,522.39,192.54,0.279,0.2693,0.2895
2026-01-02 06:00:00,2026-01-02 07:00:00,FL,1,147,54,168.52,176.55,83.01,85.51,0.5298,0.5074,0.3673
2026-01-02 07:00:00,2026-01-02 08:00:00,NY,989,154,45,866.09,931.65,421.83,444.25,0.5472,0.5129,0.2922
2026-01-02 08:00:00,2026-01-02 09:00:00,NY,66,148,15,545.63,535.17,245.1,300.54,0.542,0.5508,0.1014
2026-01-02 09:00:00,2026-01-02 10:00:00,CA,66,178,44,532.53,514.11,388.83,143.7,0.2437,0.2698,0.2472
2026-01-02 10:00:00,2026-01-02 11:00:00,FL,66,198,51,633.17,654.39,495.25,137.91,0.2432,0.2178,0.2576
2026-01-02 11:00:00,2026-01-02 12:00:00,IL,989,104,20,842.21,894.07,448.5,393.71,0.4984,0.4675,0.1923
2026-01-02 12:00:00,2026-01-02 13:00:00,FL,66,55,16,413.03,434.69,169.54,243.49,0.61,0.5895,0.2909
2026-01-02 13:00:00,2026-01-02 14:00:00,IL,465,144,54,710.21,752.52,313.27,396.95,0.5837,0.5589,0.375
2026-01-02 14:00:00,2026-01-02 15:00:00,CA,989,182,68,609.16,601.31,538.45,70.71,0.1045,0.1161,0.3736
2026-01-02 15:00:00,2026-01-02 16:00:00,TX,66,151,31,340.33,361.96,186.4,153.92,0.485,0.4523,0.2053
2026-01-02 16:00:00,2026-01-02 17:00:00,NY,465,52,4,890.77,823.11,698.91,191.86,0.1509,0.2154,0.0769
2026-01-02 17:00:00,2026-01-02 18:00:00,CA,52,72,28,817.68,824.96,582.46,235.22,0.294,0.2877,0.3889
2026-01-02 18:00:00,2026-01-02 19:00:00,NY,66,102,35,692.61,624.14,409.31,283.3,0.3442,0.409,0.3431
2026-01-02 19:00:00,2026-01-02 20:00:00,TX,989,132,12,865.52,835.16,435.22,430.3,0.4789,0.4972,0.0909
2026-01-02 20:00:00,2026-01-02 21:00:00,TX,6,194,72,880.56,857.05,405.67,474.89,0.5267,0.5393,0.3711
2026-01-02 21:00:00,2026-01-02 22:00:00,CA,66,134,47,737.53,722.21,521.8,215.72,0.2775,0.2925,0.3507
2026-01-02 22:00:00,2026-01-02 23:00:00,TX,6,127,29,853.31,886.67,671.83,181.49,0.2423,0.2127,0.2283
2026-01-02 23:00:00,2026-01-03 00:00:00,IL,465,159,40,727.72,711.5,525.38,202.34,0.2616,0.278,0.2516
2026-01-03 00:00:00,2026-01-03 01:00:00,TX,52,50,9,712.13,704.82,473.67,238.45,0.328,0.3348,0.18
2026-01-03 01:00:00,2026-01-03 02:00:00,NY,1,100,6,656.75,622.28,276.48,380.27,0.5557,0.579,0.06
2026-01-03 02:00:00,2026-01-03 03:00:00,NY,52,53,8,777.44,757.74,687.45,89.99,0.0928,0.1158,0.1509
2026-01-03 03:00:00,2026-01-03 04:00:00,NY,66,162,53,242.74,229.5,194.04,48.7,0.1545,0.2006,0.3272
2026-01-03 04:00:00,2026-01-03 05:00:00,NY,6,81,4,892.78,816.57,487.83,404.96,0.4026,0.4536,0.0494
2026-01-03 05:00:00,2026-01-03 06:00:00,IL,6,83,13,884.66,902.96,787.33,97.33,0.1281,0.11,0.1566
2026-01-03 06:00:00,2026-01-03 07:00:00,FL,989,141,26,126.32,130.57,88.54,37.78,0.3219,0.2991,0.1844
2026-01-03 07:00:00,2026-01-03 08:00:00,CA,6,144,34,843.24,863.39,582.85,260.38,0.3249,0.3088,0.2361
2026-01-03 08:00:00,2026-01-03 09:00:00,NY,989,121,45,215.98,214.41,167.18,48.8,0.2203,0.226,0.3719
2026-01-03 09:00:00,2026-01-03 10:00:00,TX,465,88,15,401.61,391.95,323.65,77.96,0.1743,0.1941,0.1705
2026-01-03 10:00:00,2026-01-03 11:00:00,NY,1,167,28,769.16,825.05,560.13,209.03,0.3211,0.2718,0.1677
2026-01-03 11:00:00,2026-01-03 12:00:00,TX,66,52,16,244.68,245.62,113.55,131.14,0.5377,0.536,0.3077
2026-01-03 12:00:00,2026-01-03 13:00:00,TX,989,172,35,836.17,832.69,475.89,360.28,0.4285,0.4309,0.2035
2026-01-03 13:00:00,2026-01-03 14:00:00,NY,1,99,12,848.92,768.38,733.5,115.42,0.0454,0.136,0.1212
2026-01-03 14:00:00,2026-01-03 15:00:00,IL,6,61,12,556.72,539.04,285.21,271.51,0.4709,0.4877,0.1967
2026-01-03 15:00:00,2026-01-03 16:00:00,TX,6,103,10,105.75,103.21,61.98,43.77,0.3995,0.4139,0.0971
2026-01-03 16:00:00,2026-01-03 17:00:00,TX,1,182,20,358.33,351.08,220.75,137.59,0.3712,0.384,0.1099
2026-01-03 17:00:00,2026-01-03 18:00:00,NY,6,106,23,655.23,665.74,406.05,249.18,0.3901,0.3803,0.217
2026-01-03 18:00:00,2026-01-03 19:00:00,TX,465,194,38,983.07,989.67,694.51,288.56,0.2982,0.2935,0.1959
2026-01-03 19:00:00,2026-01-03 20:00:00,TX,465,161,59,668.63,683.06,582.74,85.89,0.1469,0.1285,0.3665
2026-01-03 20:00:00,2026-01-03 21:00:00,NY,1,96,16,333.82,351.51,173.7,160.12,0.5058,0.4797,0.1667
2026-01-03 21:00:00,2026-01-03 22:00:00,NY,989,134,33,670.61,712.58,308.98,361.62,0.5664,0.5392,0.2463
2026-01-03 22:00:00,2026-01-03 23:00:00,CA,989,191,51,585.99,611.55,292.25,293.73,0.5221,0.5013,0.267
2026-01-03 23:00:00,2026-01-04 00:00:00,IL,1,115,6,801.86,874.91,676.34,125.52,0.227,0.1565,0.0522
2026-01-04 00:00:00,2026-01-04 01:00:00,IL,989,124,34,196.28,177.37,141.89,54.39,0.2,0.2771,0.2742
2026-01-04 01:00:00,2026-01-04 02:00:00,TX,989,152,17,784.93,737.17,426.18,358.75,0.4219,0.457,0.1118
2026-01-04 02:00:00,2026-01-04 03:00:00,IL,465,87,33,587.14,529.31,474.39,112.75,0.1038,0.192,0.3793
2026-01-04 03:00:00,2026-01-04 04:00:00,TX,989,99,10,966.69,995.21,803.02,163.68,0.1931,0.1693,0.101
2026-01-04 04:00:00,2026-01-04 05:00:00,CA,52,147,28,407.68,440.14,335.63,72.06,0.2374,0.1767,0.1905
2026-01-04 05:00:00,2026-01-04 06:00:00,NY,66,131,10,669.36,635.02,575.29,94.07,0.0941,0.1405,0.0763
2026-01-04 06:00:00,2026-01-04 07:00:00,NY,6,79,31,938.83,1019.01,493.94,444.89,0.5153,0.4739,0.3924
2026-01-04 07:00:00,2026-01-04 08:00:00,NY,52,128,28,192.26,175.35,149.49,42.77,0.1475,0.2225,0.2188
2026-01-04 08:00:00,2026-01-04 09:00:00,IL,989,140,36,943.51,1025.48,594.66,348.84,0.4201,0.3697,0.2571
2026-01-04 09:00:00,2026-01-04 10:00:00,CA,465,101,7,719.1,697.76,590.38,128.72,0.1539,0.179,0.0693
2026-01-04 10:00:00,2026-01-04 11:00:00,IL,1,128,39,161.05,148.21,123.08,37.97,0.1696,0.2358,0.3047
2026-01-04 11:00:00,2026-01-04 12:00:00,IL,989,79,9,370.87,369.82,292.33,78.54,0.2095,0.2118,0.1139
2026-01-04 12:00:00,2026-01-04 13:00:00,CA,465,155,56,737.35,701.49,536.85,200.5,0.2347,0.2719,0.3613
2026-01-04 13:00:00,2026-01-04 14:00:00,CA,66,100,12,160.62,153.7,78.5,82.12,0.4893,0.5113,0.12
2026-01-04 14:00:00,2026-01-04 15:00:00,CA,989,130,15,623.95,599.9,419.62,204.34,0.3005,0.3275,0.1154
2026-01-04 15:00:00,2026-01-04 16:00:00,CA,1,182,11,411.29,436.22,367.01,44.28,0.1587,0.1077,0.0604
2026-01-04 16:00:00,2026-01-04 17:00:00,NY,465,78,16,658.82,663.98,572.32,86.51,0.1381,0.1313,0.2051
2026-01-04 17:00:00,2026-01-04 18:00:00,FL,465,181,44,141.17,135.84,59.51,81.65,0.5619,0.5784,0.2431
2026-01-04 18:00:00,2026-01-04 19:00:00,FL,465,187,13,884.38,903.9,426.63,457.75,0.528,0.5176,0.0695
2026-01-04 19:00:00,2026-01-04 20:00:00,CA,66,194,62,976.14,1018.34,454.75,521.39,0.5534,0.5341,0.3196
2026-01-04 20:00:00,2026-01-04 21:00:00,FL,989,123,25,971.99,927.79,741.62,230.37,0.2007,0.237,0.2033
2026-01-04 21:00:00,2026-01-04 22:00:00,FL,66,66,15,774.69,761.29,626.64,148.05,0.1769,0.1911,0.2273
2026-01-04 22:00:00,2026-01-04 23:00:00,CA,6,133,27,217.08,200.66,110.01,107.07,0.4518,0.4932,0.203
2026-01-04 23:00:00,2026-01-05 00:00:00,FL,6,118,22,782.44,732.54,510.87,271.56,0.3026,0.3471,0.1864
2026-01-05 00:00:00,2026-01-05 01:00:00,IL,989,83,20,122.13,126.55,100.19,21.94,0.2083,0.1796,0.241
2026-01-05 01:00:00,2026-01-05 02:00:00,TX,66,55,5,119.91,112.27,91.9,28.01,0.1814,0.2336,0.0909
2026-01-05 02:00:00,2026-01-05 03:00:00,TX,1,102,11,391.25,393.22,262.57,128.67,0.3322,0.3289,0.1078
2026-01-05 03:00:00,2026-01-05 04:00:00,CA,465,175,61,539.78,562.35,375.24,164.54,0.3327,0.3048,0.3486
2026-01-05 04:00:00,2026-01-05 05:00:00,NY,465,92,35,793.37,730.99,519.0,274.36,0.29,0.3458,0.3804
2026-01-05 05:00:00,2026-01-05 06:00:00,CA,989,164,29,714.97,724.59,392.35,322.61,0.4585,0.4512,0.1768
2026-01-05 06:00:00,2026-01-05 07:00:00,NY,6,160,23,501.31,476.9,342.15,159.16,0.2826,0.3175,0.1438
2026-01-05 07:00:00,2026-01-05 08:00:00,TX,6,129,35,346.26,378.32,257.77,88.49,0.3186,0.2556,0.2713
2026-01-05 08:00:00,2026-01-05 09:00:00,CA,465,144,27,997.41,994.13,834.5,162.92,0.1606,0.1633,0.1875
2026-01-05 09:00:00,2026-01-05 10:00:00,IL,989,167,9,483.56,513.16,347.27,136.29,0.3233,0.2819,0.0539
2026-01-05 10:00:00,2026-01-05 11:00:00,FL,66,193,20,506.25,511.33,395.16,111.09,0.2272,0.2194,0.1036
2026-01-05 11:00:00,2026-01-05 12:00:00,NY,6,57,17,247.26,224.68,118.69,128.57,0.4717,0.52,0.2982
2026-01-05 12:00:00,2026-01-05 13:00:00,FL,66,181,50,815.33,837.04,514.29,301.04,0.3856,0.3692,0.2762
2026-01-05 13:00:00,2026-01-05 14:00:00,FL,6,153,9,724.31,789.71,293.11,431.21,0.6288,0.5953,0.0588
2026-01-05 14:00:00,2026-01-05 15:00:00,CA,6,181,23,298.69,304.76,156.32,142.38,0.4871,0.4767,0.1271
2026-01-05 15:00:00,2026-01-05 16:00:00,FL,52,74,9,174.14,185.26,132.91,41.23,0.2826,0.2368,0.1216
2026-01-05 16:00:00,2026-01-05 17:00:00,IL,6,145,41,712.45,767.19,638.29,74.16,0.168,0.1041,0.2828
2026-01-05 17:00:00,2026-01-05 18:00:00,FL,1,142,8,689.06,651.59,309.79,379.27,0.5246,0.5504,0.0563
2026-01-05 18:00:00,2026-01-05 19:00:00,CA,989,110,9,345.93,326.01,207.82,138.11,0.3625,0.3993,0.0818
2026-01-05 19:00:00,2026-01-05 20:00:00,IL,989,171,56,955.78,976.99,764.66,191.12,0.2173,0.2,0.3275
2026-01-05 20:00:00,2026-01-05 21:00:00,TX,66,100,11,235.95,231.75,118.45,117.5,0.4889,0.498,0.11
2026-01-05 21:00:00,2026-01-05 22:00:00,FL,6,196,54,489.1,522.35,331.39,157.71,0.3656,0.3225,0.2755
2026-01-05 22:00:00,2026-01-05 23:00:00,CA,1,70,9,949.25,1025.2,727.64,221.62,0.2902,0.2335,0.1286
2026-01-05 23:00:00,2026-01-06 00:00:00,TX,66,54,4,477.75,463.75,338.25,139.51,0.2706,0.292,0.0741
2026-01-06 00:00:00,2026-01-06 01:00:00,TX,52,141,19,674.67,639.17,333.3,341.38,0.4785,0.506,0.1348
2026-01-06 01:00:00,2026-01-06 02:00:00,NY,66,110,33,457.83,483.52,264.49,193.35,0.453,0.4223,0.3
2026-01-06 02:00:00,2026-01-06 03:00:00,IL,66,71,24,346.79,331.17,274.62,72.17,0.1708,0.2081,0.338
2026-01-06 03:00:00,2026-01-06 04:00:00,FL,6,198,67,985.58,1049.17,667.35,318.23,0.3639,0.3229,0.3384
2026-01-06 04:00:00,2026-01-06 05:00:00,CA,52,119,22,468.4,461.26,188.59,279.82,0.5911,0.5974,0.1849
2026-01-06 05:00:00,2026-01-06 06:00:00,NY,66,50,14,904.69,935.01,706.11,198.58,0.2448,0.2195,0.28
2026-01-06 06:00:00,2026-01-06 07:00:00,IL,1,182,22,306.96,282.13,128.2,178.76,0.5456,0.5823,0.1209
2026-01-06 07:00:00,2026-01-06 08:00:00,NY,1,61,9,291.79,299.02,225.52,66.28,0.2458,0.2271,0.1475
2026-01-06 08:00:00,2026-01-06 09:00:00,IL,989,139,50,128.02,126.79,64.17,63.85,0.4939,0.4988,0.3597
2026-01-06 09:00:00,2026-01-06 10:00:00,IL,52,95,5,686.5,698.39,603.46,83.04,0.1359,0.121,0.0526
2026-01-06 10:00:00,2026-01-06 11:00:00,FL,52,83,6,431.67,403.01,252.08,179.59,0.3745,0.416,0.0723
2026-01-06 11:00:00,2026-01-06 12:00:00,IL,989,127,15,877.92,919.51,494.68,383.24,0.462,0.4365,0.1181
2026-01-06 12:00:00,2026-01-06 13:00:00,NY,66,94,5,525.89,564.05,249.5,276.38,0.5577,0.5256,0.0532
2026-01-06 13:00:00,2026-01-06 14:00:00,IL,52,122,13,971.37,916.34,536.98,434.4,0.414,0.4472,0.1066
2026-01-06 14:00:00,2026-01-06 15:00:00,FL,1,75,19,266.97,245.39,223.81,43.16,0.0879,0.1617,0.2533
2026-01-06 15:00:00,2026-01-06 16:00:00,FL,1,96,18,881.76,797.75,791.97,89.79,0.0073,0.1018,0.1875
2026-01-06 16:00:00,2026-01-06 17:00:00,NY,6,170,61,798.94,821.62,466.7,332.23,0.432,0.4158,0.3588
2026-01-06 17:00:00,2026-01-06 18:00:00,TX,52,105,35,793.83,810.83,495.59,298.24,0.3888,0.3757,0.3333
2026-01-06 18:00:00,2026-01-06 19:00:00,TX,66,143,24,860.3,868.34,654.72,205.58,0.246,0.239,0.1678
2026-01-06 19:00:00,2026-01-06 20:00:00,IL,989,156,21,784.92,742.84,661.77,123.16,0.1091,0.1569,0.1346
2026-01-06 20:00:00,2026-01-06 21:00:00,CA,989,112,20,663.6,649.12,462.21,201.39,0.2879,0.3035,0.1786
2026-01-06 21:00:00,2026-01-06 22:00:00,IL,66,97,24,218.12,222.24,129.95,88.17,0.4153,0.4042,0.2474
2026-01-06 22:00:00,2026-01-06 23:00:00,NY,465,110,15,129.27,129.19,78.38,50.89,0.3933,0.3937,0.1364
2026-01-06 23:00:00,2026-01-07 00:00:00,NY,6,130,34,928.76,1019.37,694.54,234.23,0.3187,0.2522,0.2615
2026-01-07 00:00:00,2026-01-07 01:00:00,NY,989,75,14,654.99,607.36,263.05,391.94,0.5669,0.5984,0.1867
2026-01-07 01:00:00,2026-01-07 02:00:00,NY,52,85,20,816.88,848.77,579.82,237.06,0.3169,0.2902,0.2353
2026-01-07 02:00:00,2026-01-07 03:00:00,NY,6,50,10,533.37,523.16,308.15,225.22,0.411,0.4223,0.2
2026-01-07 03:00:00,2026-01-07 04:00:00,FL,52,57,8,205.58,202.63,163.87,41.71,0.1913,0.2029,0.1404
2026-01-07 04:00:00,2026-01-07 05:00:00,TX,1,162,61,212.67,221.92,94.95,117.71,0.5721,0.5535,0.3765
2026-01-07 05:00:00,2026-01-07 06:00:00,NY,6,148,46,717.01,744.6,497.68,219.33,0.3316,0.3059,0.3108
2026-01-07 06:00:00,2026-01-07 07:00:00,CA,989,96,9,487.28,535.15,312.09,175.18,0.4168,0.3595,0.0938
2026-01-07 07:00:00,2026-01-07 08:00:00,CA,6,176,62,280.47,259.63,202.27,78.21,0.2209,0.2788,0.3523
2026-01-07 08:00:00,2026-01-07 09:00:00,CA,6,105,23,542.44,499.49,234.56,307.87,0.5304,0.5676,0.219
2026-01-07 09:00:00,2026-01-07 10:00:00,CA,6,63,22,157.79,164.87,108.87,48.92,0.3396,0.31,0.3492
2026-01-07 10:00:00,2026-01-07 11:00:00,FL,465,77,25,623.77,633.55,424.63,199.14,0.3298,0.3193,0.3247
2026-01-07 11:00:00,2026-01-07 12:00:00,CA,6,127,25,342.09,326.64,232.74,109.36,0.2875,0.3197,0.1969
2026-01-07 12:00:00,2026-01-07 13:00:00,NY,52,179,10,817.8,749.01,573.89,243.91,0.2338,0.2983,0.0559
2026-01-07 13:00:00,2026-01-07 14:00:00,IL,1,158,22,379.33,347.89,280.03,99.29,0.1951,0.2618,0.1392
2026-01-07 14:00:00,2026-01-07 15:00:00,CA,66,63,15,509.7,549.88,409.03,100.67,0.2561,0.1975,0.2381
2026-01-07 15:00:00,2026-01-07 16:00:00,FL,6,105,28,110.46,103.65,59.09,51.37,0.43,0.4651,0.2667
2026-01-07 16:00:00,2026-01-07 17:00:00,FL,989,164,23,165.2,159.37,134.23,30.97,0.1577,0.1875,0.1402
2026-01-07 17:00:00,2026-01-07 18:00:00,CA,6,56,5,453.24,428.47,294.21,159.03,0.3133,0.3509,0.0893
2026-01-07 18:00:00,2026-01-07 19:00:00,IL,989,52,17,531.94,516.52,233.27,298.67,0.5484,0.5615,0.3269
2026-01-07 19:00:00,2026-01-07 20:00:00,CA,52,160,63,640.02,584.9,274.74,365.27,0.5303,0.5707,0.3938
2026-01-07 20:00:00,2026-01-07 21:00:00,FL,989,156,36,362.5,363.88,205.58,156.92,0.435,0.4329,0.2308
2026-01-07 21:00:00,2026-01-07 22:00:00,TX,66,67,7,725.48,662.75,574.91,150.58,0.1325,0.2076,0.1045
2026-01-07 22:00:00,2026-01-07 23:00:00,NY,1,87,12,874.11,926.62,658.94,215.17,0.2889,0.2462,0.1379
2026-01-07 23:00:00,2026-01-08 00:00:00,FL,989,164,9,801.87,759.16,636.93,164.94,0.161,0.2057,0.0549
2026-01-08 00:00:00,2026-01-08 01:00:00,CA,989,64,23,135.66,136.74,89.35,46.31,0.3466,0.3414,0.3594
2026-01-08 01:00:00,2026-01-08 02:00:00,NY,1,168,15,532.46,572.93,330.18,202.28,0.4237,0.3799,0.0893
2026-01-08 02:00:00,2026-01-08 03:00:00,CA,66,77,19,194.44,200.3,92.11,102.33,0.5401,0.5263,0.2468
2026-01-08 03:00:00,2026-01-08 04:00:00,CA,6,88,12,317.84,319.94,179.29,138.55,0.4396,0.4359,0.1364
2026-01-08 04:00:00,2026-01-08 05:00:00,TX,989,66,16,988.0,953.28,609.6,378.39,0.3605,0.383,0.2424
2026-01-08 05:00:00,2026-01-08 06:00:00,NY,1,135,37,228.25,220.62,101.41,126.84,0.5403,0.5557,0.2741
2026-01-08 06:00:00,2026-01-08 07:00:00,NY,52,175,59,549.0,567.61,280.16,268.84,0.5064,0.4897,0.3371
2026-01-08 07:00:00,2026-01-08 08:00:00,TX,1,93,11,656.34,721.2,458.86,197.48,0.3638,0.3009,0.1183
2026-01-08 08:00:00,2026-01-08 09:00:00,FL,52,74,3,732.22,755.92,562.22,170.0,0.2562,0.2322,0.0405
2026-01-08 09:00:00,2026-01-08 10:00:00,CA,66,194,18,603.68,610.66,542.82,60.87,0.1111,0.1008,0.0928
2026-01-08 10:00:00,2026-01-08 11:00:00,IL,6,62,22,108.79,113.81,94.28,14.52,0.1717,0.1334,0.3548
2026-01-08 11:00:00,2026-01-08 12:00:00,CA,1,74,26,393.82,391.07,284.05,109.76,0.2737,0.2787,0.3514
2026-01-08 12:00:00,2026-01-08 13:00:00,CA,465,117,30,565.94,516.15,345.58,220.36,0.3305,0.3894,0.2564
2026-01-08 13:00:00,2026-01-08 14:00:00,FL,989,187,48,179.08,181.31,128.6,50.48,0.2907,0.2819,0.2567
2026-01-08 14:00:00,2026-01-08 15:00:00,CA,66,116,32,415.56,453.6,329.47,86.09,0.2737,0.2072,0.2759
2026-01-08 15:00:00,2026-01-08 16:00:00,TX,1,158,17,129.88,121.45,59.64,70.24,0.5089,0.5408,0.1076
2026-01-08 16:00:00,2026-01-08 17:00:00,TX,989,195,72,170.72,177.21,103.28,67.44,0.4172,0.395,0.3692
2026-01-08 17:00:00,2026-01-08 18:00:00,NY,1,160,31,457.23,429.88,374.88,82.35,0.1279,0.1801,0.1938
2026-01-08 18:00:00,2026-01-08 19:00:00,IL,52,160,29,219.44,221.02,129.89,89.55,0.4123,0.4081,0.1812
2026-01-08 19:00:00,2026-01-08 20:00:00,CA,1,83,19,610.79,561.52,418.96,191.83,0.2539,0.3141,0.2289
2026-01-08 20:00:00,2026-01-08 21:00:00,CA,465,160,10,720.52,713.37,499.96,220.56,0.2992,0.3061,0.0625
2026-01-08 21:00:00,2026-01-08 22:00:00,FL,1,57,6,820.53,862.57,403.9,416.63,0.5318,0.5078,0.1053
2026-01-08 22:00:00,2026-01-08 23:00:00,TX,1,162,49,280.14,271.6,162.79,117.34,0.4006,0.4189,0.3025
2026-01-08 23:00:00,2026-01-09 00:00:00,IL,465,132,10,250.73,259.0,142.23,108.5,0.4509,0.4327,0.0758
2026-01-09 00:00:00,2026-01-09 01:00:00,NY,66,91,23,194.11,205.58,80.19,113.92,0.6099,0.5869,0.2527
2026-01-09 01:00:00,2026-01-09 02:00:00,TX,1,150,20,672.79,730.27,277.25,395.53,0.6203,0.5879,0.1333
2026-01-09 02:00:00,2026-01-09 03:00:00,NY,465,55,10,735.83,696.78,600.32,135.5,0.1384,0.1842,0.1818
2026-01-09 03:00:00,2026-01-09 04:00:00,FL,989,75,11,128.43,125.84,68.91,59.52,0.4524,0.4635,0.1467
2026-01-09 04:00:00,2026-01-09 05:00:00,FL,52,113,19,942.59,877.07,621.2,321.39,0.2917,0.341,0.1681
2026-01-09 05:00:00,2026-01-09 06:00:00,CA,52,108,32,146.77,161.23,80.63,66.14,0.4999,0.4506,0.2963
2026-01-09 06:00:00,2026-01-09 07:00:00,IL,1,158,24,587.17,637.31,511.03,76.13,0.1981,0.1297,0.1519
2026-01-09 07:00:00,2026-01-09 08:00:00,NY,66,170,42,738.15,744.05,390.96,347.19,0.4746,0.4704,0.2471
2026-01-09 08:00:00,2026-01-09 09:00:00,TX,66,82,17,883.87,944.33,543.43,340.44,0.4245,0.3852,0.2073
2026-01-09 09:00:00,2026-01-09 10:00:00,FL,989,199,56,742.68,745.79,621.15,121.53,0.1671,0.1636,0.2814
2026-01-09 10:00:00,2026-01-09 11:00:00,CA,1,70,26,821.56,841.86,674.47,147.09,0.1988,0.179,0.3714
2026-01-09 11:00:00,2026-01-09 12:00:00,CA,52,119,36,405.51,372.18,199.93,205.57,0.4628,0.5069,0.3025
2026-01-09 12:00:00,2026-01-09 13:00:00,NY,66,161,20,833.34,875.89,667.78,165.57,0.2376,0.1987,0.1242
2026-01-09 13:00:00,2026-01-09 14:00:00,FL,1,53,3,172.1,159.29,108.27,63.83,0.3203,0.3709,0.0566
2026-01-09 14:00:00,2026-01-09 15:00:00,IL,66,143,20,905.33,964.38,580.76,324.58,0.3978,0.3585,0.1399
2026-01-09 15:00:00,2026-01-09 16:00:00,FL,465,124,32,592.83,626.27,276.7,316.13,0.5582,0.5333,0.2581
2026-01-09 16:00:00,2026-01-09 17:00:00,NY,66,111,7,835.57,870.45,367.9,467.67,0.5773,0.5597,0.0631
2026-01-09 17:00:00,2026-01-09 18:00:00,NY,52,143,31,507.09,460.05,387.4,119.69,0.1579,0.236,0.2168
2026-01-09 18:00:00,2026-01-09 19:00:00,FL,6,144,37,679.22,652.48,440.29,238.93,0.3252,0.3518,0.2569
2026-01-09 19:00:00,2026-01-09 20:00:00,NY,989,104,17,573.76,546.58,354.83,218.93,0.3508,0.3816,0.1635
2026-01-09 20:00:00,2026-01-09 21:00:00,FL,989,186,59,758.43,737.22,580.01,178.42,0.2132,0.2352,0.3172
2026-01-09 21:00:00,2026-01-09 22:00:00,TX,52,180,15,173.47,159.16,135.78,37.68,0.1469,0.2172,0.0833
2026-01-09 22:00:00,2026-01-09 23:00:00,FL,66,80,6,154.32,167.8,73.99,80.33,0.5591,0.5205,0.075
2026-01-09 23:00:00,2026-01-10 00:00:00,FL,1,89,27,322.39,325.86,227.32,95.07,0.3024,0.2949,0.3034
2026-01-10 00:00:00,2026-01-10 01:00:00,NY,66,85,18,243.59,234.12,113.92,129.67,0.5134,0.5323,0.2118
2026-01-10 01:00:00,2026-01-10 02:00:00,NY,52,55,16,884.61,866.38,686.18,198.43,0.208,0.2243,0.2909
2026-01-10 02:00:00,2026-01-10 03:00:00,CA,989,115,23,297.29,294.15,216.57,80.72,0.2637,0.2715,0.2
2026-01-10 03:00:00,2026-01-10 04:00:00,CA,66,124,16,978.28,997.96,859.23,119.05,0.139,0.1217,0.129
2026-01-10 04:00:00,2026-01-10 05:00:00,TX,989,53,17,403.21,404.47,175.18,228.02,0.5669,0.5655,0.3208
2026-01-10 05:00:00,2026-01-10 06:00:00,CA,1,128,42,263.91,286.04,113.09,150.82,0.6046,0.5715,0.3281
2026-01-10 06:00:00,2026-01-10 07:00:00,FL,989,183,53,810.73,810.24,438.68,372.05,0.4586,0.4589,0.2896
2026-01-10 07:00:00,2026-01-10 08:00:00,NY,989,167,24,692.84,761.03,367.79,325.04,0.5167,0.4691,0.1437
2026-01-10 08:00:00,2026-01-10 09:00:00,CA,6,162,41,548.38,586.92,287.07,261.31,0.5109,0.4765,0.2531
2026-01-10 09:00:00,2026-01-10 10:00:00,CA,6,143,25,599.83,564.86,511.73,88.1,0.0941,0.1469,0.1748
2026-01-10 10:00:00,2026-01-10 11:00:00,TX,465,111,9,747.28,811.64,392.15,355.13,0.5168,0.4752,0.0811
2026-01-10 11:00:00,2026-01-10 12:00:00,TX,6,128,47,305.61,282.16,163.8,141.81,0.4195,0.464,0.3672
2026-01-10 12:00:00,2026-01-10 13:00:00,FL,989,185,18,996.7,1059.98,777.13,219.57,0.2668,0.2203,0.0973
2026-01-10 13:00:00,2026-01-10 14:00:00,NY,52,75,28,977.31,953.98,610.69,366.62,0.3598,0.3751,0.3733
2026-01-10 14:00:00,2026-01-10 15:00:00,TX,989,93,19,685.29,737.1,540.25,145.04,0.2671,0.2116,0.2043
2026-01-10 15:00:00,2026-01-10 16:00:00,CA,52,182,20,279.59,300.17,120.97,158.62,0.597,0.5673,0.1099
2026-01-10 16:00:00,2026-01-10 17:00:00,NY,52,119,28,712.21,755.78,458.51,253.7,0.3933,0.3562,0.2353
2026-01-10 17:00:00,2026-01-10 18:00:00,NY,6,167,59,164.98,174.55,68.76,96.21,0.606,0.5832,0.3533
2026-01-10 18:00:00,2026-01-10 19:00:00,CA,66,117,35,127.59,122.6,55.03,72.56,0.5511,0.5687,0.2991
2026-01-10 19:00:00,2026-01-10 20:00:00,TX,1,68,22,331.91,304.09,283.2,48.72,0.0687,0.1468,0.3235
2026-01-10 20:00:00,2026-01-10 21:00:00,CA,6,69,19,516.36,506.34,242.49,273.87,0.5211,0.5304,0.2754
2026-01-10 21:00:00,2026-01-10 22:00:00,NY,6,162,47,881.45,823.89,587.23,294.22,0.2873,0.3338,0.2901
2026-01-10 22:00:00,2026-01-10 23:00:00,IL,66,189,65,754.45,783.87,456.86,297.6,0.4172,0.3945,0.3439
2026-01-10 23:00:00,2026-01-11 00:00:00,IL,1,96,13,768.44,744.78,440.83,327.61,0.4081,0.4263,0.1354
2026-01-11 00:00:00,2026-01-11 01:00:00,FL,989,50,11,482.94,528.88,410.46,72.48,0.2239,0.1501,0.22
2026-01-11 01:00:00,2026-01-11 02:00:00,CA,465,139,17,411.34,422.94,169.03,242.32,0.6004,0.5891,0.1223
2026-01-11 02:00:00,2026-01-11 03:00:00,CA,465,191,75,433.93,461.92,317.59,116.34,0.3124,0.2681,0.3927
2026-01-11 03:00:00,2026-01-11 04:00:00,FL,989,113,42,988.88,916.21,871.9,116.99,0.0484,0.1183,0.3717
2026-01-11 04:00:00,2026-01-11 05:00:00,FL,6,87,5,136.1,145.95,92.56,43.54,0.3658,0.3199,0.0575
2026-01-11 05:00:00,2026-01-11 06:00:00,FL,1,86,25,880.33,954.76,764.49,115.84,0.1993,0.1316,0.2907
2026-01-11 06:00:00,2026-01-11 07:00:00,NY,6,175,65,620.81,619.2,264.54,356.26,0.5728,0.5739,0.3714
2026-01-11 07:00:00,2026-01-11 08:00:00,CA,52,188,21,494.75,505.27,301.5,193.25,0.4033,0.3906,0.1117
2026-01-11 08:00:00,2026-01-11 09:00:00,NY,6,149,37,752.73,792.6,399.01,353.72,0.4966,0.4699,0.2483
2026-01-11 09:00:00,2026-01-11 10:00:00,FL,6,126,46,538.0,503.01,411.79,126.21,0.1814,0.2346,0.3651
2026-01-11 10:00:00,2026-01-11 11:00:00,CA,989,52,3,886.08,886.54,789.19,96.89,0.1098,0.1094,0.0577
2026-01-11 11:00:00,2026-01-11 12:00:00,NY,989,183,53,910.63,892.18,481.05,429.58,0.4608,0.4717,0.2896
2026-01-11 12:00:00,2026-01-11 13:00:00,NY,989,59,9,479.55,445.63,348.67,130.87,0.2176,0.2729,0.1525
2026-01-11 13:00:00,2026-01-11 14:00:00,FL,465,54,20,349.15,339.9,174.24,174.9,0.4874,0.501,0.3704
2026-01-11 14:00:00,2026-01-11 15:00:00,CA,52,187,72,633.12,578.44,432.21,200.91,0.2528,0.3173,0.385
2026-01-11 15:00:00,2026-01-11 16:00:00,FL,989,179,68,921.13,833.77,582.12,339.01,0.3018,0.368,0.3799
2026-01-11 16:00:00,2026-01-11 17:00:00,CA,1,62,13,289.6,268.47,256.58,33.01,0.0443,0.114,0.2097
2026-01-11 17:00:00,2026-01-11 18:00:00,IL,465,179,62,660.67,721.86,465.29,195.38,0.3554,0.2957,0.3464
2026-01-11 18:00:00,2026-01-11 19:00:00,TX,66,133,45,668.4,675.03,384.17,284.24,0.4309,0.4252,0.3383
2026-01-11 19:00:00,2026-01-11 20:00:00,TX,1,114,18,759.8,830.59,347.27,412.54,0.5819,0.543,0.1579
2026-01-11 20:00:00,2026-01-11 21:00:00,TX,1,112,38,218.41,215.46,103.88,114.53,0.5179,0.5244,0.3393
2026-01-11 21:00:00,2026-01-11 22:00:00,FL,989,150,9,744.24,716.23,381.54,362.7,0.4673,0.4873,0.06
2026-01-11 22:00:00,2026-01-11 23:00:00,IL,66,122,31,918.13,919.26,482.46,435.67,0.4752,0.4745,0.2541
2026-01-11 23:00:00,2026-01-12 00:00:00,CA,66,66,8,261.71,258.55,216.0,45.72,0.1646,0.1747,0.1212
2026-01-12 00:00:00,2026-01-12 01:00:00,NY,465,58,5,313.79,289.04,213.57,100.22,0.2611,0.3194,0.0862
2026-01-12 01:00:00,2026-01-12 02:00:00,CA,66,192,14,974.26,1001.7,644.66,329.6,0.3564,0.3383,0.0729
2026-01-12 02:00:00,2026-01-12 03:00:00,NY,52,87,25,262.88,247.95,120.24,142.64,0.5151,0.5426,0.2874
2026-01-12 03:00:00,2026-01-12 04:00:00,CA,989,143,24,868.95,889.73,721.29,147.66,0.1893,0.1699,0.1678
2026-01-12 04:00:00,2026-01-12 05:00:00,IL,66,144,43,543.05,559.36,413.48,129.57,0.2608,0.2386,0.2986
2026-01-12 05:00:00,2026-01-12 06:00:00,NY,465,98,7,322.51,300.06,139.91,182.59,0.5337,0.5662,0.0714
2026-01-12 06:00:00,2026-01-12 07:00:00,FL,52,118,18,883.67,806.15,666.22,217.46,0.1736,0.2461,0.1525
2026-01-12 07:00:00,2026-01-12 08:00:00,CA,6,111,26,500.77,528.89,336.4,164.37,0.3639,0.3282,0.2342
2026-01-12 08:00:00,2026-01-12 09:00:00,CA,6,127,41,563.34,558.81,248.35,314.98,0.5556,0.5591,0.3228
2026-01-12 09:00:00,2026-01-12 10:00:00,NY,52,166,26,423.31,385.9,266.33,156.98,0.3099,0.3708,0.1566
2026-01-12 10:00:00,2026-01-12 11:00:00,FL,465,169,45,633.66,696.37,407.03,226.63,0.4155,0.3577,0.2663
2026-01-12 11:00:00,2026-01-12 12:00:00,FL,52,186,66,247.17,225.31,119.36,127.82,0.4703,0.5171,0.3548
2026-01-12 12:00:00,2026-01-12 13:00:00,IL,989,125,33,451.97,469.6,394.5,57.47,0.1599,0.1272,0.264
2026-01-12 13:00:00,2026-01-12 14:00:00,FL,989,84,11,972.47,1066.54,802.28,170.19,0.2478,0.175,0.131
2026-01-12 14:00:00,2026-01-12 15:00:00,FL,6,50,2,332.32,314.98,244.09,88.23,0.2251,0.2655,0.04
2026-01-12 15:00:00,2026-01-12 16:00:00,FL,66,89,31,691.06,641.62,436.16,254.9,0.3202,0.3689,0.3483
2026-01-12 16:00:00,2026-01-12 17:00:00,TX,465,113,6,392.67,362.94,237.91,154.76,0.3445,0.3941,0.0531
2026-01-12 17:00:00,2026-01-12 18:00:00,IL,6,199,70,796.13,764.8,577.58,218.55,0.2448,0.2745,0.3518
2026-01-12 18:00:00,2026-01-12 19:00:00,CA,66,109,25,217.79,200.41,146.51,71.28,0.269,0.3273,0.2294
2026-01-12 19:00:00,2026-01-12 20:00:00,NY,66,113,42,972.84,1010.23,419.43,553.41,0.5848,0.5689,0.3717
2026-01-12 20:00:00,2026-01-12 21:00:00,CA,989,142,46,508.41,463.9,333.65,174.77,0.2808,0.3437,0.3239
2026-01-12 21:00:00,2026-01-12 22:00:00,IL,1,121,48,312.45,313.03,250.96,61.49,0.1983,0.1968,0.3967
2026-01-12 22:00:00,2026-01-12 23:00:00,NY,1,60,10,166.15,182.65,104.61,61.54,0.4273,0.3704,0.1667
2026-01-12 23:00:00,2026-01-13 00:00:00,IL,52,154,49,252.78,268.66,107.68,145.1,0.5992,0.574,0.3182
2026-01-13 00:00:00,2026-01-13 01:00:00,FL,989,63,12,567.8,580.88,450.34,117.45,0.2247,0.2069,0.1905
2026-01-13 01:00:00,2026-01-13 02:00:00,NY,66,109,23,403.3,387.68,201.93,201.38,0.4791,0.4993,0.211
2026-01-13 02:00:00,2026-01-13 03:00:00,FL,465,79,21,846.0,866.96,447.79,398.2,0.4835,0.4707,0.2658
2026-01-13 03:00:00,2026-01-13 04:00:00,CA,1,84,29,487.8,490.44,235.29,252.51,0.5202,0.5176,0.3452
2026-01-13 04:00:00,2026-01-13 05:00:00,CA,66,54,21,323.84,319.06,183.01,140.84,0.4264,0.4349,0.3889
2026-01-13 05:00:00,2026-01-13 06:00:00,NY,1,132,42,655.43,607.02,510.17,145.26,0.1596,0.2216,0.3182
2026-01-13 06:00:00,2026-01-13 07:00:00,NY,1,172,33,736.1,793.02,485.6,250.5,0.3877,0.3403,0.1919
2026-01-13 07:00:00,2026-01-13 08:00:00,IL,1,127,25,250.34,247.82,125.78,124.56,0.4925,0.4976,0.1969
2026-01-13 08:00:00,2026-01-13 09:00:00,IL,465,111,34,250.86,235.54,210.45,40.41,0.1065,0.1611,0.3063
2026-01-13 09:00:00,2026-01-13 10:00:00,FL,989,181,24,133.0,129.49,111.7,21.31,0.1374,0.1602,0.1326
2026-01-13 10:00:00,2026-01-13 11:00:00,NY,465,138,12,762.76,749.66,637.13,125.64,0.1501,0.1647,0.087
2026-01-13 11:00:00,2026-01-13 12:00:00,CA,6,91,15,697.42,743.11,362.24,335.18,0.5125,0.4806,0.1648
2026-01-13 12:00:00,2026-01-13 13:00:00,IL,66,138,20,527.17,551.8,329.81,197.36,0.4023,0.3744,0.1449
2026-01-13 13:00:00,2026-01-13 14:00:00,IL,989,195,29,859.75,906.06,767.33,92.43,0.1531,0.1075,0.1487
2026-01-13 14:00:00,2026-01-13 15:00:00,CA,989,89,11,825.1,744.41,648.54,176.57,0.1288,0.214,0.1236
2026-01-13 15:00:00,2026-01-13 16:00:00,IL,989,121,7,626.82,616.31,259.24,367.58,0.5794,0.5864,0.0579
2026-01-13 16:00:00,2026-01-13 17:00:00,FL,989,88,4,881.44,878.16,381.31,500.13,0.5658,0.5674,0.0455
2026-01-13 17:00:00,2026-01-13 18:00:00,NY,465,153,60,285.26,257.83,180.27,104.98,0.3008,0.368,0.3922
2026-01-13 18:00:00,2026-01-13 19:00:00,CA,989,63,12,200.73,191.09,171.54,29.18,0.1023,0.1454,0.1905
2026-01-13 19:00:00,2026-01-13 20:00:00,NY,52,81,14,342.77,360.62,229.44,113.34,0.3638,0.3306,0.1728
2026-01-13 20:00:00,2026-01-13 21:00:00,IL,66,174,50,151.38,140.39,98.23,53.15,0.3003,0.3511,0.2874
2026-01-13 21:00:00,2026-01-13 22:00:00,IL,989,146,18,578.05,582.13,261.71,316.35,0.5504,0.5473,0.1233
2026-01-13 22:00:00,2026-01-13 23:00:00,CA,66,72,27,942.95,889.24,686.83,256.11,0.2276,0.2716,0.375
2026-01-13 23:00:00,2026-01-14 00:00:00,FL,52,112,36,135.41,122.2,109.82,25.59,0.1013,0.1889,0.3214
2026-01-14 00:00:00,2026-01-14 01:00:00,TX,52,192,15,209.9,199.03,123.88,86.01,0.3776,0.4098,0.0781
2026-01-14 01:00:00,2026-01-14 02:00:00,CA,66,194,38,506.98,555.23,399.4,107.58,0.2807,0.2122,0.1959
2026-01-14 02:00:00,2026-01-14 03:00:00,TX,1,102,36,940.49,997.21,829.73,110.75,0.1679,0.1178,0.3529
2026-01-14 03:00:00,2026-01-14 04:00:00,TX,6,153,58,384.54,419.89,192.99,191.55,0.5404,0.4981,0.3791
2026-01-14 04:00:00,2026-01-14 05:00:00,FL,1,153,32,556.51,555.16,368.22,188.29,0.3367,0.3383,0.2092
2026-01-14 05:00:00,2026-01-14 06:00:00,TX,1,88,23,137.42,126.69,74.69,62.72,0.4104,0.4564,0.2614
2026-01-14 06:00:00,2026-01-14 07:00:00,TX,465,183,19,233.51,235.75,185.97,47.54,0.2111,0.2036,0.1038
2026-01-14 07:00:00,2026-01-14 08:00:00,FL,1,116,46,987.97,978.95,680.51,307.46,0.3049,0.3112,0.3966
2026-01-14 08:00:00,2026-01-14 09:00:00,TX,989,184,24,968.61,1035.32,694.77,273.83,0.3289,0.2827,0.1304
2026-01-14 09:00:00,2026-01-14 10:00:00,TX,465,91,34,104.45,96.05,83.45,21.0,0.1312,0.201,0.3736
2026-01-14 10:00:00,2026-01-14 11:00:00,TX,465,64,17,956.63,954.38,572.05,384.58,0.4006,0.402,0.2656
2026-01-14 11:00:00,2026-01-14 12:00:00,CA,52,160,42,675.21,627.95,579.02,96.19,0.0779,0.1425,0.2625
2026-01-14 12:00:00,2026-01-14 13:00:00,CA,1,82,18,881.13,850.23,587.28,293.84,0.3093,0.3335,0.2195
2026-01-14 13:00:00,2026-01-14 14:00:00,CA,52,87,11,509.27,533.44,243.93,265.34,0.5427,0.521,0.1264
2026-01-14 14:00:00,2026-01-14 15:00:00,FL,66,146,16,564.04,561.33,421.87,142.17,0.2484,0.2521,0.1096
2026-01-14 15:00:00,2026-01-14 16:00:00,IL,6,82,10,539.96,526.56,430.15,109.81,0.1831,0.2034,0.122
2026-01-14 16:00:00,2026-01-14 17:00:00,TX,465,135,15,700.18,685.4,390.97,309.21,0.4296,0.4416,0.1111
2026-01-14 17:00:00,2026-01-14 18:00:00,TX,66,115,37,225.69,223.86,187.0,38.68,0.1646,0.1714,0.3217
2026-01-14 18:00:00,2026-01-14 19:00:00,FL,66,59,10,126.98,134.21,108.32,18.66,0.1929,0.1469,0.1695
2026-01-14 19:00:00,2026-01-14 20:00:00,TX,989,54,3,377.14,406.71,203.07,174.07,0.5007,0.4615,0.0556
2026-01-14 20:00:00,2026-01-14 21:00:00,CA,6,172,66,734.21,801.08,654.74,79.47,0.1827,0.1082,0.3837
2026-01-14 21:00:00,2026-01-14 22:00:00,IL,66,123,44,281.67,297.83,132.48,149.18,0.5552,0.5296,0.3577
2026-01-14 22:00:00,2026-01-14 23:00:00,NY,66,146,54,706.09,680.02,353.76,352.33,0.4798,0.499,0.3699
2026-01-14 23:00:00,2026-01-15 00:00:00,TX,6,167,66,972.92,1009.53,478.79,494.13,0.5257,0.5079,0.3952
